<?xml version = "1.0"?>
	<class>
	   <Student>
	      <firstname>Anuj</firstname>
	      <lastname>Raj</lastname>
	      <nickname>Anuj</nickname>
	      <marks>80</marks>
	   </Student>
	   
	   <Student rollno = "390">
	      <firstname>Anna</firstname>
	      <lastname>Raj</lastname>
	      <nickname>Anna</nickname>
	      <marks>80</marks>
	   </Student>
	   
	   <Student rollno="392">
	   		<firstname>Sristi</firstname>
	   		<lastname>Kumari</lastname>
	   		<nickname>Soro</nickname>
	   		<marks>75</marks>
	   </Student>
	</class>